INSERT Department 
(id, Name)
VALUES
(1, 'Необоротні активи'),
(2, 'Оборотні активи'),
(3, 'Капітал і резерви'),
(4, 'Грошові кошти')

INSERT Post
(Name, Salary)
VALUES
('Бухгалтер-кассир', 8700),
('Бухгалтер із заробітньої плати', 7880),
('Бухгалтер по виписці', 12600),
('Бухгалтер з обліку ПДВ', 13000),
('Бухгалтер з обліку закупівлі товарів', 11000),
('Бухгалтер з основних засобів', 8000),
('Бухгалтер банку', 9000)

INSERT Employee
(PersonnelNumber, Lastname, Firstname, Middlename, TaxpayerNumber, Gender, 
Birthdate, DepartmentId, PostName, Startdate, PreviousExperience)
VALUES
(100000, 'Павлов', 'Іван', 'Іванович', '189283746011', 'м', '1992-10-15', 2, 'Бухгалтер-кассир', '2015-01-10', 10),
(100001, 'Іванов', 'Петро', 'Петрович', '911213740598', 'м', '1989-09-21', 4, 'Бухгалтер із заробітньої плати', '2011-06-15', 15),
(100002, 'Захарів', 'Андрій', 'Миколайович', '189283746810', 'м', '1992-10-14', 1, 'Бухгалтер по виписці', '2000-01-10', 20),
(100003, 'Олексіїв', 'Петро', 'Сергійович', '669200746024', 'м', '1992-06-17', 1, 'Бухгалтер з обліку ПДВ', '2011-01-10', 18),
(100004, 'Дмитрів', 'Михайло', 'Іванович', '869283746016', 'м', '2000-07-09', 1, 'Бухгалтер з обліку закупівлі товарів', '2020-01-10', 2),
(100005, 'Котова', 'Вікторія', 'Андріївна', '240083746062', 'ж', '1998-08-15', 1, 'Бухгалтер з обліку ПДВ', '2018-01-10', 3),
(100006, 'Назаренко', 'Софія', 'Петрівна', '189083006018', 'ж', '1999-11-25', 3, 'Бухгалтер з основних засобів', '2021-01-10', 2),
(100007, 'Соколів', 'Василь', 'Степанович', '779283746010', 'м', '1984-11-25', 3, 'Бухгалтер з основних засобів', '2012-01-10', 12),
(100008, 'Іванов', 'Дмитро', 'Михайлович', '559283746016', 'м', '1987-09-27', 2, 'Бухгалтер-кассир', '2009-01-10', 17),
(100009, 'Ковалев', 'Григорій', 'Іванович', '244283746777', 'м', '1986-08-21', 4, 'Бухгалтер банку', '2008-01-10', 19),
(100010, 'Назарів', 'Анна', 'Іванівна', '389333742217', 'ж', '1980-09-12', 2, 'Бухгалтер-кассир', '2004-01-10', 21),
(100011, 'Миронів', 'Ярина', 'Олегівна', '589553746225', 'ж', '2000-11-12', 4, 'Бухгалтер банку', '2020-01-10', 1),
(100012, 'Ковалева', 'Оксана', 'Андріївна', '177283346022', 'ж', '1981-12-15', 4, 'Бухгалтер банку', '2003-01-10', 16)


INSERT  Child
(id, PersonnelNumberParent, Lastname, Firstname, Middlename, Gender, Birthdate)
VALUES
(1, '100001', 'Іванов', 'Сергій', 'Петрович', 'м', '2017-09-08'),
(2, '100001', 'Іванов', 'Микола', 'Петрович', 'м', '2020-11-19'),
(3, '100007', 'Соколів', 'Андрій', 'Васильович', 'м', '2015-02-01'),
(4, '100012', 'Ковалева', 'Інна', 'Петрівна', 'ж', '2007-01-03')
