
INSERT INTO Department
(Code,Name,Faculty)
VALUES
('ІВПП', 'Кафедра інтелектуальної власності та приватного права', 'Факультет соціології і права'),
('ІПІ', 'Кафедра інформатики та програмної інженерії', 'Факультет інформатики та обчислювальної техніки'),
('ОТ', 'Кафедра обчислювальної техніки', 'Факультет інформатики та обчислювальної техніки'),
('КІ', 'Кафедра історії', 'Факультет соціології і права'),
('ПП', 'Кафедра психології і педагогіки', 'Факультет соціології і права')

INSERT INTO Discipline
(Id, Name, Course, NumberLectures, NumberPractical,NumberSeminars)
VALUES
(1, 'Програмування', 2, 20, 10, 5),
(2, 'Математичний аналіз', 1, 25, 12, 4),
(3, 'Математична статистика', 3, 18, 15, 10),
(4, 'Історія України', 4, 35, 8, 2),
(5, 'історія права', 1, 30, 15, 5),
(6, 'Право', 2, 32, 12, 5),
(7, 'Прикладне моделювання', 3, 15, 15, 10)


INSERT INTO Lecturer
(PersonnelNumber, Lastname, Firstname, Middlename, Gender, Birthdate, DepartmentCode, Post, AcademicDegree, AcademicStatus)
VALUES
(100000, 'Крітенко', 'Петро', 'Ігорович', 'м', '1975-09-11', 'ІВПП', 'Викладач', 'Кандидат наук', 'Доцент'),
(100001, 'Марчак', 'Федір', 'Костянтинович', 'м', '1983-09-11', 'ОТ','Професор', 'Доктор наук', 'Професор'),
(100002, 'Корнелюк', 'Руслана', 'Костянтинівна', 'ж', '1986-09-11', 'КІ', 'Викладач', 'Кандидат наук', 'Професор'),
(100003, 'Польовий', 'Лев', 'Никодимович', 'м', '1983-09-11', 'ІПІ', 'Доцент', 'Доктор наук', 'Доцент'),
(100004, 'Гурик', 'Йосип', 'Богуславович', 'м', '1968-09-11', 'КІ', 'Викладач', 'Кандидат наук', 'Професор'),
(100005, 'Білик', 'Павло', 'Ігорович', 'м', '1975-09-11', 'КІ', 'Професор', 'Доктор наук', 'Доцент'),
(100006, 'Пучковський', 'Устим', 'Віталійович', 'м', '1981-09-11', 'ОТ', 'Викладач', 'Кандидат наук', 'Професор'),
(100007, 'Дубинецький', 'Андрій', 'Юліанович', 'м', '1971-09-11', 'ІПІ', 'Викладач', 'Доктор наук', 'Доцент'),
(100008, 'Єльченко', 'Устим', 'Романович', 'м', '1971-09-11', 'ПП', 'Доцент', 'Доктор наук', 'Професор'),
(100009, 'Корнелюк', 'Іванна', 'Миколаївна', 'ж', '1975-09-11', 'ІВПП',  'Викладач', 'Доктор наук', 'Доцент'),
(100010, 'Михайлюк', 'Світлана', 'Ігорович', 'ж', '1969-09-11', 'ІПІ', 'Доцент', 'Кандидат наук', 'Професор'),
(100011, 'Польовий', 'Ігор', 'Ігорович', 'м', '1971-09-11', 'ОТ', 'Викладач', 'Доктор наук', 'Професор')



INSERT INTO Loading
(Id, LecturerPersonnelNumber, DisciplineId, Type)
VALUES
(1, 100000, 1, 'Лекція'),
(2, 100011, 3, 'Лекція'),
(3, 100002, 2, 'Семінар'),
(4, 100005, 4, 'Практичні заняття'),
(5, 100000, 4, 'Семінар'),
(6, 100005, 6, 'Практичні заняття'),
(7, 100007, 7, 'Практичні заняття'),
(8, 100006, 5, 'Семінар'),
(9, 100009, 5, 'Лекція'),
(10, 100010, 2, 'Семінар'),
(11, 100010, 3, 'Практичні заняття'),
(12, 100000, 4, 'Практичні заняття'),
(13, 100008, 1, 'Семінар'),
(14, 100002, 7, 'Практичні заняття'),
(15, 100002, 1, 'Лекція')

